Name_name
ASSOC PROF. Ir. Dr. SAIDDI ALI FIRDAUS B MOHAMED ISHAK
ASSOC. PROF. IR. DR. MOHD DANIAL BIN IBRAHIM
BRIG. JEN. DATO' IR. HJ. NAJMUDDIN BIN HJ. JAAFAR (BERSARA)
DATO' Ir. AHMAD BIN HASSAN
DATO' Ir. AHMAD MURAD BIN OMAR
DATO' Ir. CHENG NYEK PAW
DATO' Ir. Dr. ABU BAKAR BIN JAAFAR
DATO' Ir. Dr. MUKHLIS CHUA @ CHUA CHING KOK
DATO' Ir. Dr. SEO KIAN HAW
DATO' Ir. FOONG CHOY CHYE
DATO' Ir. HJ BUDIMAN BIN HJ WAN ISMAIL
DATO' Ir. HJ JOHARI BIN JAALAM
DATO' Ir. ISMAIL BIN SAMION
DATO' Ir. JAMLUS BIN HAJI AZIZ
DATO' Ir. KHAIRUDIN BIN SIDEK
DATO' Ir. LOO SON YONG
DATO' Ir. MUHAMMAD IMRAN BIN BAHARUDDIN
DATO' Ir. NOOR AZMI BIN JAAFAR
DATO' Ir. THONG KOK SING
DATO' Ir. WAN AB GHAFFAR BIN WAN AHMAD
DATO' Ir. WAN RAZALI BIN WAN MUDA
DATO' PROF. Ir. Dr. ALIAS BIN MOHD NOOR
DATO' PROF. Ir. Dr. IBRAHIM BIN HUSSEIN
DATO' PROF. Ir. Dr. MOHAMMED RAFIQ BIN ABDUL KADIR
DATUK Ir. ABDUL NASSER BIN ABDUL WAHID
DATUK Ir. Hj. KAMARULZAMAN BIN HJ ZAINAL
DATUK Ir. Hj. MOHD KHALID BIN NASIR
DATUK Ir. RAMAKRISHNAN GOVINDASAMY
DATUK Ir. RAZDWAN BIN KASIM
DATUK Ir. WAN NOR AZMAN BIN WAN SALLEH
DATUK PROF. Ir. Dr. MOHD JAILANI BIN MOHD NOR
Ir. MOHAMMAD NAZRI BIN SULAIMAN
Ir. AARON SAW SENG TATT
Ir. AB 'ALIM BIN RUSLAM AHMAD
Ir. AB WAHAB BIN CHIK
Ir. ABANG ASHAARI BIN ABDUL RAHMAN
Ir. ABANG ASRI BIN ARIFFIN
Ir. ABANG MOHAMAD MOASILI BIN ABG MOHD NAILE
Ir. ABD AZIZ BIN IBRAHIM
Ir. ABD GHANI BIN IBRAHIM
Ir. ABD LATIF BIN YAACOB
Ir. ABD MALEK BIN ABU HASSAN
Ir. ABD RAHIM BIN BAHRUDDIN
Ir. ABD RANI BIN AHMAD
Ir. ABD RASHID BIN MD SIDEK
Ir. ABD RAZAK BIN ABU HURAIRAH
Ir. ABD RAZAK BIN HASSAN
Ir. ABDUL AZIZ BIN JIDON
Ir. ABDUL AZIZ BIN KADIR
Ir. ABDUL AZIZ BIN MAT ALI
Ir. ABDUL AZIZ BIN MOHAMED NOH
Ir. ABDUL AZIZ BIN SHAMSUDDIN
Ir. ABDUL AZIZ BIN YAHYA
Ir. ABDUL HADIE BIN ABDULLAH
Ir. ABDUL HALIM BIN SHAMSUDDIN
Ir. ABDUL HAMID @ HAMID BIN ABDILLAH
Ir. ABDUL HAMID BIN MOHAMED ZIN
Ir. ABDUL HAMID BIN SULEIMAN
Ir. ABDUL HANNAN BIN ASHAARI
Ir. ABDUL LATIF @ ABD RAHMAN BIN MOHAMED
Ir. ABDUL MALEK BIN ABD AZIZ
Ir. ABDUL MALIK HUSSEIN BIN ABDUL JALIL
Ir. ABDUL MUNIR BIN ABDUL KARIM
Ir. ABDUL NASSER BIN ABDUL WAHAB
Ir. ABDUL RAHIM BIN SIDEK
Ir. ABDUL RAHMAN BIN ADAM
Ir. ABDUL RAHMAN BIN HASHIM
Ir. ABDUL SHUKUR BIN AHYAT
Ir. ABDUL TALIB BIN LAZIM
Ir. ABDUL WAHAB BIN IKHSAN
Ir. ABDULDAN BIN ADTONG
Ir. ABDULLAH BIN DIN SUHAIMI
Ir. ABU BAKAR BIN MAHAT
Ir. ABU BAKAR BIN MOHD NOOR (A)
Ir. ABU HASHIM BIN ABDUL RAHMAN
Ir. ACHUTHAN KUTTY A/L G KRISHNAN
Ir. ADAM BIN HJ GANI
Ir. ADNAN BIN MOHAMAD
Ir. ADZNIR BIN MOKHTAR
Ir. AHMAD AFZAINIZAM BIN MOKHTAR
Ir. AHMAD APANDI BIN LAKIN
Ir. AHMAD ASRI BIN ABDUL HAMID
Ir. AHMAD BIN JAFAR @ JAAFAR
Ir. AHMAD FADZEL BIN MOHD MOKHTAR
Ir. AHMAD FADZLI BIN HASHIM
Ir. AHMAD FAIZAL BIN AHMAD
Ir. AHMAD FAIZUL BIN SHAMSUDIN
Ir. AHMAD FARIS BIN MOHD SALLEH
Ir. AHMAD FAUZI BIN HASAN
Ir. AHMAD HADRI BIN HARIS
Ir. AHMAD HUSAIRI BIN HJ ABDULLAH
Ir. AHMAD IZDIHAR BIN SUPAAT
Ir. AHMAD JAILANI BIN MANSOR
Ir. AHMAD KAMARUZZAMAN B MOHD BAKI
Ir. AHMAD KHAIRIRI BIN ABDUL GHANI
Ir. AHMAD KHAIRUDDIN BIN AHMAD KAMAL
Ir. AHMAD LUTFI BIN SALIM
Ir. AHMAD MASYHUR BIN JAHAYA
Ir. AHMAD MAZLI BIN HJ MAAROFF
Ir. AHMAD RAFIDI BIN MOHAYIDDIN
Ir. AHMAD RAFIDI BIN MOHD DAUD
Ir. AHMAD RIDZAUDDIN BIN IBRAHIM
Ir. AHMAD RIDZUAN BIN BAHARUDIN
Ir. AHMAD SAZILI B HJ MOHAMED
Ir. AHMAD SHAHROM BIN MOHD YUNUS
Ir. AHMAD TAJUDDIN BIN MOHAMED
Ir. AHMAD ZAINNIE BIN ABU HASSAN
Ir. AHMAD ZAWAWI BIN ABDULLAH
Ir. AHMAD ZULHAIMI HAFEEZ BIN ZULKEFLI
Ir. AIDID BIN CHEE TAHIR
Ir. AISHAH HAZLINA BTE MD DEAN
Ir. AKASHAH BIN BASHAH
Ir. AL'AZMY BIN AHMAD
Ir. AL-KHAIRI BIN MOHD DAUD
Ir. ALBERT GOH CHEE KONG
Ir. ALEXON JONG SZE CHIEN
Ir. ALI BIN RAHMAT
Ir. ALPHONSUS DORHAT BIN RAHANI
Ir. ALVIN LEE YEW WYN
Ir. ALZAKRI BIN EKHWAN
Ir. AMAT YAZID BIN OTHMAN
Ir. AMER AQHARI BIN ABDUL NASIR
Ir. AMIN SHAHRIZ BIN YAZID
Ir. AMINUDDIN BIN MOHD YUSOFF
Ir. AMINUDIN BIN MOHD MASHURDIN
Ir. AMIR HAMZAH BIN JA'AFAR
Ir. AMIR HASDI BIN FAUZI @ MAT RAWI
Ir. AMIR HISHAM BIN ABD RAHIM
Ir. AMIR RADZI BIN AB GHANI
Ir. AMIR SOFFIAN BIN ABDUL RAZAK
Ir. AMIRRUDIN BIN ALI
Ir. AMMERAN BIN MAD
Ir. ANA MIRAA BT MOHD YUSOF
Ir. ANDREW S R AMALADOSS
Ir. ANDY GOH CHIA LIANG
Ir. ANTHONY HUANG KIONG HUAT
Ir. ANUAR BIN AB RANI
Ir. ANUAR BIN ABDULLAH
Ir. ANUAR BIN MOHAMAD
Ir. AQIL SIDDIQ BIN MUSTAPHA
Ir. ARDY SUHAIDY BIN MUSTAPHA
Ir. ARUL HISHAM BIN ABDUL RAHIM
Ir. ARULJOTHY S/O PAHAVAN
Ir. ARVIND VISWANATH MENON
Ir. ASHARI BIN EBRAHIM
Ir. ASMADENA BINTI MD HALIMI
Ir. ASOK KUMAR S/O HARILAL HIRA
Ir. ATHIRAH BT MUSTAMIR DT BANDHARO
Ir. AU CHONG HUN
Ir. AU WAI CHUN
Ir. AU YEW FOO
Ir. AUSAMAH DARWISH BIN MOHD DAUD
Ir. AWANG MUSTAPA PENGIRAN MAHARAN
Ir. AWANG SALEH BIN MAKMUD
Ir. AZAHAR BIN ABDUL WAHAB
Ir. AZAHAR BIN AWALLUDIN
Ir. AZAMI BIN AMAT
Ir. AZAMI BIN RAMLI
Ir. AZAR BIN MOHD YASSIN
Ir. AZHAN AB. RAHMAN
Ir. AZHAN BIN SALLEH
Ir. AZHAR BIN ABU HADZIM
Ir. AZIRAM BIN MAT SALLEH
Ir. AZIZAH BINTI KASSIM
Ir. AZIZI BIN AHAMAD
Ir. AZIZS BIN SAFRI
Ir. AZIZUL AZILY BIN AHMAD
Ir. AZIZUL AZMI B. KAMARUL ZAMAN
Ir. AZIZUL AZUAN BIN SAHRUM
Ir. AZMAN BIN ABDUL MAJID
Ir. AZMAN BIN BUJANG
Ir. AZMAN BIN MD ISA
Ir. AZMAN BIN SAUBIRAN
Ir. AZMAN BIN SENIN
Ir. AZMAN SHAH BIN AHMAT
Ir. AZMER BIN SHAMSUDDIN
Ir. AZMI BIN ABDUL JALIL
Ir. AZMI BIN AHMAD
Ir. AZMI BIN AWI
Ir. AZMI BIN OSMAN
Ir. AZMI BIN SAAD
Ir. AZMI BIN SULAIMAN
Ir. AZMI BIN TALIB
Ir. AZMI MERICAN BIN MD ISMAIL MERICAN
Ir. AZMIR BIN MOHD ISA
Ir. AZNIDA BT MOHAMED RAZALI
Ir. BADLISHAH MAT ISA
Ir. BAHROM BIN BAHARIN
Ir. BATUMALAY A/L KALIANNAN
Ir. BEKTI LELANA BIN JITNO WIDODO
Ir. BENJAMIN NG CHONG JIN
Ir. BENNET APRIANTO BIN SOEGIARTO
Ir. BERNARD SAGAIYARAJ J SWAMIRAJU
Ir. BERNARD WONG SHUEN YUAN
Ir. BHASKAR A/L KANNAN
Ir. BOEY HOR MENG
Ir. BOEY WEI LUN
Ir. BONG NYUK POH FELIX
Ir. BRYAN NG HORNG HENG
Ir. BURHANUD-DIN BIN HAJI ISHAK
Ir. CALVIN CHIN YEN CHIH
Ir. CHA HOONG KUM
Ir. CHAI BUI FUI
Ir. CHAI CHEN SING
Ir. CHAI VUN LUNG
Ir. CHAI WEI SIAN
Ir. CHAM KOK SOON
Ir. CHAN CHEE HONG
Ir. CHAN CHEN MING
Ir. CHAN CHIN KEONG
Ir. CHAN KA SEONG
Ir. CHAN KAM CHYE
Ir. CHAN KOK PENG @ WARRENCE CHAN
Ir. CHAN KON HENG
Ir. CHAN MAN YIK
Ir. CHAN SWEE CHOONG
Ir. CHAN WAH CHEONG
Ir. CHAN WENG LOON
Ir. CHAN YING WAI
Ir. CHANG CHEANG HONG
Ir. CHANG HENG YONG
Ir. CHANG KWONG YUE
Ir. CHANG YI LEE IGNATIUS
Ir. CHANG YIT WAH
Ir. CHARLES SELVAM ANDREW
Ir. CHE ENGKU KHALID BIN CHE ENGKU HJ MAT
Ir. CHE WAN MOHD ZAIRUDIN BIN CHE WAN HUSAIN
Ir. CHE ZULKIFLI BIN CHE ISMAIL
Ir. CHEA THEAN TEIK
Ir. CHEAH HUI CHENG
Ir. CHEAH KHOR MOOK
Ir. CHEAH SONG HOCK
Ir. CHEANG SEIT KEONG
Ir. CHEE CHECK KEEN
Ir. CHEE FOON POY
Ir. CHEE FOONG SENG
Ir. CHEE KAR MING
Ir. CHEE TECK HEE
Ir. CHEE YEW JIN
Ir. CHEK WAN SAMSUDIN B CHE WAN AHMAD
Ir. CHEN FUN CHIEN
Ir. CHEN KENG HING LAWRENCE
Ir. CHEN KIN SEONG
Ir. CHEN SHAW JYE
Ir. CHEN THIAM LEONG
Ir. CHENG CHEW KONG
Ir. CHENG KEE HAUT
Ir. CHENG YEW LEONG
Ir. CHEO MIANG CHEH @ MIANG POO
Ir. CHEOK GID WONG
Ir. CHEONG CHEE MING
Ir. CHEONG CHI FUONG
Ir. CHEONG JONG PEOW
Ir. CHEONG KAM CHOON
Ir. CHEONG KWOK WAH
Ir. CHEONG THIAM FOOK
Ir. CHEONG VAI YAN
Ir. CHEONG YOON KWAN
Ir. CHEW HAN NIE
Ir. CHEW HOONG YEW
Ir. CHEW HUAT CHIANG
Ir. CHEW PHAI CHENG
Ir. CHEW TZE SEANG
Ir. CHIA KHUIN FUNG
Ir. CHIA SOON YOON
Ir. CHIA SUN MENG
Ir. CHIA SWEE PENG
Ir. CHIAM YAK MENG
Ir. CHIANG KONG YEW
Ir. CHIENG LEE HUI
Ir. CHIN CHEE LEONG
Ir. CHIN CHEE SEONG
Ir. CHIN HOOI PUNG
Ir. CHIN HUI SENG
Ir. CHIN KAI SHOONG
Ir. CHIN KHIN FATT
Ir. CHIN SEE WENG
Ir. CHIN SHYI HER
Ir. CHIN SZE YUAN
Ir. CHIN TECK ENG
Ir. CHIN YIT KHUAN
Ir. CHIN YOON WEI
Ir. CHING CHEE KENG
Ir. CHING LI SHEN
Ir. CHOK YIN THONG
Ir. CHOK YUN VUN
Ir. CHONG CHE SIANG
Ir. CHONG CHEE SHANG
Ir. CHONG CHEE YONG
Ir. CHONG CHIEN FATT
Ir. CHONG CHIN CHOI
Ir. CHONG CHUNG YEE
Ir. CHONG KAI LOK
Ir. CHONG KIAN WEI
Ir. CHONG KOK HUA
Ir. CHONG LEH KHENG
Ir. CHONG LIAN CHING
Ir. CHONG LIN HIONG @ CHONG LING HEONG
Ir. CHONG PEN KWONG
Ir. CHONG SHAH LEONG
Ir. CHONG TJUN YIE
Ir. CHONG WOEI TDING
Ir. CHONG XIN XI
Ir. CHOO LAY GUAT
Ir. CHOONG CHUN WAI
Ir. CHOOT TECK AUN
Ir. CHOW CHEE CHOY
Ir. CHOW CHIN SEANG
Ir. CHOW HOE SENG
Ir. CHOW KAM YEEN
Ir. CHOW SEI YING
Ir. CHOW WOON CHEK
Ir. CHRYS JONATHAN PHILIPPINUS
Ir. CHU CHUN YIT
Ir. CHU HON FEI
Ir. CHU PAK ENG
Ir. CHUA CHEONG YU
Ir. CHUA CHIN CHYANG
Ir. CHUA WEI GHEE
Ir. CHUA WEI PING
Ir. CHUAH CHIN SENG
Ir. CHUNG FEE SIN @ CHANG SWI SEN
Ir. CHUNG YEE YONG
Ir. CHWA KIM GUAN
Ir. DANARAJ A/L CHANDRASEGARAN
Ir. DESMOND YEO PHOI YEW
Ir. DEVAN A/L IYAVOO
Ir. DEVANDRAN A/L P. NAGAIAH
Ir. DHARMENDARAN DAYANANTHAN
Ir. DIANA BINTI MOHD YASIN
Ir. DINESH KUMAR A/L K PARAMESWARAN
Ir. DING JU LIANG
Ir. DOMINIC BECHAT ANAK NANANG
Ir. DOW MUN WAH
Ir. Dr. ABDUL AZIM BIN ABDUL RAHMAN
Ir. Dr. ABDUL AZIZ BIN HASSAN
Ir. Dr. ABDUL MALIK BIN ZAINAL ABIDIN
Ir. Dr. ABDUL MURAD BIN ZAINAL ABIDIN
Ir. Dr. ABDUS SAMAD BIN MAHMUD
Ir. Dr. AIDIL BIN CHEE TAHIR
Ir. Dr. AKHTAR RAZUL BIN RAZALI
Ir. Dr. ANDREW RAGAI HENRY RIGIT
Ir. Dr. ARMAN BIN ARIFFIN
Ir. Dr. AZMI BIN MOHAMMED NOR
Ir. Dr. BALAMURUGAN ANNAMALAI GURUNATHAN
Ir. Dr. CHIN NYOK KIEN
Ir. Dr. CHOK LIAN FATT
Ir. Dr. FAIZAL BIN MUSTAPHA
Ir. Dr. FARID NASIR BIN ANI
Ir. Dr. GANEINDRAN S/O SINNATHAMBY
Ir. Dr. HAMDAN BIN HJ YA
Ir. Dr. HAZHA BIN ABDUL HAMID
Ir. Dr. ISTAS FAHRURRAZI BIN NUSYIRWAN
Ir. Dr. JAWAID IQBAL INAYAT HUSSAIN
Ir. Dr. JAYASEELAN A/L NADARAJAH
Ir. Dr. KHAIRUL NIZAM BIN MD TOHIT
Ir. Dr. KHAIRUL SALLEH BIN MOHAMED SAHARI
Ir. Dr. KRISHNA MORGAN A/L BALASUBRAMANIAM
Ir. Dr. KUMARAN PALANISAMY
Ir. Dr. KWONG QI JIE
Ir. Dr. LAU CHONG CHUAN
Ir. Dr. LIEW KUO FUNG
Ir. Dr. LIM CHYE ING
Ir. Dr. LIM MENG HEE
Ir. Dr. LING CHIN POH
Ir. Dr. MOHAMAD ADZIZULROHIM BIN ABD MALEK
Ir. Dr. MOHAMAD HAMZI BIN MOHAMAD
Ir. Dr. MOHAMED AZLY BIN ABDUL AZIZ
Ir. Dr. MOHAMMAD SHAHRIL BIN OSMAN
Ir. Dr. MOHD AMIN BIN ABD MAJID
Ir. Dr. MOHD FAIRUSHAM BIN GHAZALI
Ir. Dr. MOHD FAIRUZ BIN AB RAHMAN
Ir. Dr. MOHD SABRI BIN CHE JAMIL
Ir. Dr. MOHD SHUKRI BIN YOB
Ir. Dr. MOKHTAR AWANG
Ir. Dr. MOKHTAR BIN CHE ISMAIL
Ir. Dr. MUHAMMAD AZMI BIN AYUB
Ir. Dr. MUI KAI YIN
Ir. Dr. NAGUR AZIZ BIN KAMAR BASHAH
Ir. Dr. NAVIN A/L RAMASAMY
Ir. Dr. NAWAL ASWAN BIN ABDUL JALIL
Ir. Dr. NOR AZIZI BIN MAZALAN
Ir. Dr. NORIAH BINTI YUSOFF
Ir. Dr. NORSHAH HAFEEZ BIN SHUAIB
Ir. Dr. OH SEONG POR
Ir. Dr. RAJAKUMAR A/L A GOPAL
Ir. Dr. RAZALI BIN ABIDIN
Ir. Dr. RIZAUDDIN BIN RAMLI
Ir. Dr. SAMAD BIN SOLBAI
Ir. Dr. SAMSUL BAHRIN BIN OSMAN
Ir. Dr. SATESH NARAYANA NAMASIVAYAM
Ir. Dr. SHAHARIN ANWAR BIN SULAIMAN
Ir. Dr. SHAMSUL AKMAR BIN AB AZIZ
Ir. Dr. SII HOW SING
Ir. Dr. SUHAIMI BIN HASSAN
Ir. Dr. TAN CHEE FAI
Ir. Dr. TAN LOON CHOOI
Ir. Dr. TEO HIU HONG
Ir. Dr. TUAN SUHAIMI BIN SALLEH
Ir. Dr. ZAINAL FITRI BIN ZAINAL ABIDIN
Ir. Dr. ZAINUL ASRI BIN MAMAT
Ir. Dr. ZAMBRI HARUN
Ir. Dr. ZAMRI BIN MOHAMED
Ir. DZAINUL BIN KHALID
Ir. DZUL FAHMI BIN MD NORDIN
Ir. DZULAIDIN TASRIN BIN OTHMAN
Ir. EDAYU BT ABDULLAH
Ir. EDDY AK AHJU
Ir. EDGAR ANDREW WONG KOK CHEUN
Ir. EDWARD LIM SZE YUAN
Ir. EDWIN SABINUS
Ir. EE TECK CHEE
Ir. ELMEIZAL JAMALUDIN
Ir. EMI HAFIZZUL BIN JAMALUDDIN
Ir. ENG AH BA
Ir. ENG TE WEI @ DAVID ENG
Ir. ENG YONG KHENG
Ir. ENG YONG TEIK
Ir. ERIC SOH CHENG SIM
Ir. ESMA NIZA BIN NAWI
Ir. EZRAL BIN ABDULLAH
Ir. EZWAN BIN MOKHTAR
Ir. EZZARHAN BIN ABDULLAH
Ir. FADELI BIN ABDULLAH
Ir. FADIL BIN IBRAHIM
Ir. FADZLI BIN BURHANUDDIN
Ir. FAIT BIN HANAPI
Ir. FAIZUL AZLY BIN ABD DZUBIR
Ir. FAM YEW HIN
Ir. FAN CHUN YUEN
Ir. FANG WAI HONG
Ir. FATHULLAH RAZZAQ BIN GHAZALI
Ir. FITHRY BIN MOHD AMIR
Ir. FONG WING HAN
Ir. FONG WING HONG
Ir. FOO KAI JAAN
Ir. FOO KHEN CHUNG
Ir. FOO KOK SENG
Ir. FOO MING CHIU
Ir. FOO SAI SENG
Ir. FOONG CHEE WAI
Ir. FOONG KOK HONG
Ir. FOONG MENG KHUM
Ir. FOONG POH HING
Ir. FRANCIS BASIL PETER
Ir. FUAD BIN ABAS
Ir. FUAD NOR BIN JAPAR
Ir. G VENGADESAN A/L KS GOVINDARAJALU
Ir. GAN CHOON HOCK
Ir. GAN CHUN CHET
Ir. GAN KIN CHOON
Ir. GAN SOON KAI
Ir. GERALD LIM CHIN SIONG
Ir. GHAZALI BIN IBRAHIM
Ir. GHAZARI BIN BAHAROM
Ir. GOH CHII YEW
Ir. GOH CHUN SHIAN
Ir. GOH KHENG WEE
Ir. GOH SU KIN
Ir. GOH WU TIEW
Ir. GOH YUEN PHANG
Ir. GOPAL A/L NARIAN KUTTY
Ir. GOR KOK ENG
Ir. H'NG CHIN YEONG
Ir. HAIRUL ANUAR BIN MOHD TAHIR
Ir. HAJI OSMAN BIN AB RAHMAN
Ir. HALIM AZHAR BIN MOHD YATIM
Ir. HALIM MUSA BIN SAIRI
Ir. HALIMI BIN ISMAIL
Ir. HAM MOW WAI
Ir. HAMBALI BIN CHIK
Ir. HAMBALI BIN HUSSEIN
Ir. HAMDAN BIN ZAKARIA
Ir. HAMILI BIN OMAR
Ir. HAMZAH BIN SALLEH
Ir. HANAFI BIN ALI
Ir. HANAFI BIN NASIR
Ir. HANISAH BINTI HAN
Ir. HANIZA BINTI HARON
Ir. HANIZAN BIN MOHD HUSIN
Ir. HAPIDA BT. GHAZALI
Ir. HARBANS SINGH S/O KISHAN SINGH
Ir. HARLIZA BT MOHD ROZALI
Ir. HARRIS BIN ABD RAHMAN SABRI
Ir. HARRIS BIN BOSIKOL @ RAYNER HARRIS BIN JAMES
Ir. HASBULLAH BIN OSMAN
Ir. HASHIM BIN HASSAN
Ir. HASIM BIN OMAR
Ir. HASLIZAN BIN HASHIM
Ir. HASNIZAN BINTI HASHIM
Ir. HASRIL BIN HASINI
Ir. HASRIN BIN HASHIM
Ir. HASRUL KAMAL
Ir. HASSANAL IHZAL BIN KASSIM
Ir. HASSANAZHARI BIN AHDI
Ir. HASSANUDDIN BIN MD SALLEH
Ir. HAZMAN BIN MUHAMMAD
Ir. HAZWAN BIN HASSAN
Ir. HENG SWEE NGEE
Ir. HENG WENG LONG
Ir. HENRY NG SAU CHAN
Ir. HEW LOKE MENG
Ir. HEW SHEN MAW
Ir. HILMI BIN HAIRUDDIN
Ir. HING FOOK YONG @ HENG FOOK YOONG
Ir. HISHAM BIN MALEK @ HASHIM
Ir. HISHAM BIN MOKHTAR
Ir. HJ KHALID BIN ESA
Ir. HO CHOON FEI
Ir. HO JU NIEN
Ir. HO KENG KAI
Ir. HO KIEN SIONG
Ir. HO SZU MIN
Ir. HO TEIK LEE
Ir. HO WENG KAI
Ir. HON HIN SEE
Ir. HOONG FAN WENG
Ir. HOONG FARN CHEONG ALVIN
Ir. HOR KOK LUEN
Ir. HOR POH MING
Ir. HOW KOK PONG
Ir. HOW YONG CHANG
Ir. HSIUNG KWO FANG
Ir. HUAN TECK TIONG
Ir. HUN SENG KWANG
Ir. HUSSIEN BIN JUHARI
Ir. HUSSIN MAMAT
Ir. HUZAIRIYAH BINTI HUSSIN
Ir. HWANG YEE FAN
Ir. IBRAHIM BIN MOHAMAD
Ir. ICAHRI BIN HJ CHATTA
Ir. IDRIS BIN IBRAHIM (C)
Ir. IKHWAN BIN MD TAB
Ir. IKHWAN MOEID BIN ISHAK
Ir. ILANGOVAN KARUPIAH
Ir. ILIAS BIN YAHYA
Ir. IRFAH BINTI ISMAIL
Ir. IRMA SURYATI BINTI HAMID
Ir. IRWAN BIN PODIN
Ir. ISFANIZAM BIN ISMAIL
Ir. ISHAK BIN ABDUL MOIN
Ir. ISHRAQI BIN MOHD NOR
Ir. ISMADY BIN ISMAIL
Ir. ISMAIL BIN HARON
Ir. ISMAIL BIN KHALID
Ir. ISZUAN SHAH BIN SYED ISMAIL
Ir. IZAMI ZUDDIN ABDUL RANI
Ir. IZANI BIN MUSTAPHA
Ir. IZLAN BIN ISMAIL
Ir. IZRUL BIN IDRIS
Ir. JAGJIT SINGH
Ir. JALALUDDIN BIN MOHD ZIN
Ir. JAMALUDDIN BIN ASMUNI
Ir. JAMALUDIN BIN HUSSAIN
Ir. JAMALUDIN BIN MUSTAKIM
Ir. JAMES TEO SU HAN
Ir. JASLANI BIN AHMAD SHAARANI
Ir. JASON GOH CHIA CHUAN
Ir. JAYA PRATHAB A/L T ARUMUGAM
Ir. JAYARAM A/L KRISHNA
Ir. JAZLEE BIN MOHD ALIAS
Ir. JERRY KHOO KEAT HUAT
Ir. JOHAN BIN ABDUL JALIL
Ir. JOHARI BIN MOHD NOOR
Ir. JOHN ONG YAP HUN
Ir. JOKOLIN JOMINIT
Ir. JONG FUNG SWEE
Ir. JONG HOWE JOO STEPHENSON
Ir. JONG MIN KONG @ JOSEPH YONG
Ir. JONG NYUK NANG @ ANDREW
Ir. JUHARI BIN HUSIN
Ir. JULIAN SAW CHERN-YANN
Ir. JUMARI BIN PORMAN
Ir. JUNAIDI MUSLIM
Ir. K P MUKUND TARURHARI GOVINDAN
Ir. KALWANT SINGH S/O RATTAN SINGH
Ir. KALYANA LAKSHMI RAMAN
Ir. KAMAL BIN WOK
Ir. KAMAL RUSULAN BIN MOHAMED
Ir. KAMARDIN BIN MD TOP
Ir. KAMARIAH BINTI IBRAHIM
Ir. KAMARUDDIN BIN AB GHANI
Ir. KAMARUDDIN BIN ABD AZIZ
Ir. KAMARUDIN BIN SAHAR
Ir. KAMARUL AZHAR BIN ABDULLAH
Ir. KAMARULZAMAN BIN IBRAHIM
Ir. KANAGARAJ SUBRAMANIAM
Ir. KANESA VATHANAN A/L SUBRAMANIAM
Ir. KANNAN A/L M. MUNISAMY
Ir. KASBUN BIN KAMAT
Ir. KASIM BIN AHMAD
Ir. KAZREN JUSRI BIN ABDUL KARIM
Ir. KE GEOK CHUAN
Ir. KESAVAN A/L JAGANATHAN
Ir. KET CHEONG PAN
Ir. KEVIN CHIA HOONG SUM
Ir. KEW KHAK WAI
Ir. KHAIRUDDIN BIN SHAMSUDIN
Ir. KHAIRUDIN BIN MOHAMED ATIULLAH
Ir. KHAIRUL ANNUAR SULAIMAN
Ir. KHAIRUL ANUAR BIN MAHBOB
Ir. KHAIRUL ANUAR BIN MOHD HASHIM
Ir. KHAIRUL AZRI BIN ISHAK
Ir. KHAIRUL FAIZI BIN HAJI KHALID
Ir. KHAIRUL IZHAM BIN HALIL
Ir. KHAIRUL NIZAM BIN JASMAN
Ir. KHAIRUL NIZAM BIN MOHAMED SUTTAN
Ir. KHALID ABU BAKAR
Ir. KHALID BIN ABD JALIL
Ir. KHALID BIN AHMAD
Ir. KHAW EAN KEE
Ir. KHO LIANG KUNG
Ir. KHOO BOO HON
Ir. KHOO ENG SHYUAN
Ir. KHOR SWEK LIEH DELVAN
Ir. KHUSZA'ERAN MOHAMED
Ir. KOAY HAI SIU
Ir. KOH CHEE KEONG
Ir. KOH CHIN LAI
Ir. KOH VOON LI
Ir. KOK WENG KONG
Ir. KONG CHONG SANG
Ir. KONG KOK HAW
Ir. KOO MENG CHIU
Ir. KOO SHUANG CHYUAN
Ir. KORMAIN BIN HJ MOHD NOOR
Ir. KS LEE
Ir. KU SIM AIK
Ir. KUA CHIN TEE
Ir. KUAN CHIN JONG
Ir. KUEH JIN FONG
Ir. KUMARASON A/L S KANDIAH
Ir. KUNASINGAM S/O ARUMUGAM
Ir. KWONG KIA TENG
Ir. LAI AH KIAW
Ir. LAI AH YING
Ir. LAI CHEE KUAN
Ir. LAI CHING KEONG
Ir. LAI KAI CHIN @ LAI KAI MING
Ir. LAI KHOON WAH
Ir. LAI SZE CHING
Ir. LAI YEE KEIN
Ir. LAI YEW HONG
Ir. LAM CHEE WOOI
Ir. LAM KAI EN
Ir. LAM KAI MIN
Ir. LAM KIM SEONG
Ir. LAU CHEE KHIN
Ir. LAU CHIN SHENG
Ir. LAU CHUANG BING
Ir. LAU PEI CHEN
Ir. LAU SIEW KEE PAUL
Ir. LAU SUN WAH
Ir. LAU YEW TOONG
Ir. LAW HIENG HUI JOSEPH
Ir. LAW KWONG LING
Ir. LEAN MENG KIAT
Ir. LEE AH SOON @ LEE KIM SOON
Ir. LEE CHANG CHEE
Ir. LEE CHANG QUAN
Ir. LEE CHE CHUAN
Ir. LEE CHEE SEONG
Ir. LEE CHIN AUN
Ir. LEE CHUN WAI @ LAI CHIN WAI
Ir. LEE EE ME
Ir. LEE HENG TING
Ir. LEE HENG YUEN
Ir. LEE HOCK LOONG
Ir. LEE HUNG SOON
Ir. LEE JUAN JYM
Ir. LEE KEAN YEW
Ir. LEE KEH REN
Ir. LEE KHEK MUI
Ir. LEE KOK SIONG
Ir. LEE KONG FAN
Ir. LEE LAM
Ir. LEE MEAU KON
Ir. LEE MOOK SWEE LARRY
Ir. LEE MUN POH
Ir. LEE PENG TIAN
Ir. LEE POH HOCK CHRISTOPHER
Ir. LEE SIAN KIAT @ LEE SHIONG PING
Ir. LEE TIAN FOOK
Ir. LEE TZE LIN
Ir. LEE WAI NENG
Ir. LEE YEE SENG
Ir. LEE YIN FAH
Ir. LEM YAL MING
Ir. LENNY MARLINA BINTI MOHD KAIRI
Ir. LENSUS ANAK MET
Ir. LEONG CHENG THIM
Ir. LEONG HON WAH
Ir. LEONG KONG HENG
Ir. LEONG PENG SENG
Ir. LEONG SAIK KONG
Ir. LEONG SEAK WAI
Ir. LEONG SIEW MENG
Ir. LEONG TEONG ENG
Ir. LEONG WAI TAK
Ir. LEOW CHEE HUAN
Ir. LEOW SAM NYIN
Ir. LEW SAN CHONG
Ir. LIAO CHI KUANG
Ir. LIAU KOK LENG
Ir. LIAW SIN ANN
Ir. LIEW FOOK KIEW FRANKIE
Ir. LIEW KON KEONG @ KOK KEONG
Ir. LIEW KUOK JEW
Ir. LIEW LEONG TING
Ir. LIEW LUI YUE
Ir. LIEW SUI KUM
Ir. LIEW TEIK SHIN
Ir. LIEW TZE CHONG
Ir. LIEW YAN SIN
Ir. LIM AIK SENG
Ir. LIM BENG HIAN
Ir. LIM BOK KONG
Ir. LIM BOON HAI
Ir. LIM BOON YOKE
Ir. LIM CHAN SHEE
Ir. LIM CHEE KIAN
Ir. LIM CHEE KIANG
Ir. LIM CHEE WEI
Ir. LIM CHONG HU
Ir. LIM ENG HWA
Ir. LIM FOONG LING
Ir. LIM GIM HONG
Ir. LIM GUANG-MING
Ir. LIM HOCK BOON
Ir. LIM HOCK GUAN
Ir. LIM HOK LIAN
Ir. LIM HOU
Ir. LIM JIN LUN
Ir. LIM JIT SHIN
Ir. LIM JOO CHAI
Ir. LIM KAY BENG
Ir. LIM KEAN SENG
Ir. LIM KEK SIA
Ir. LIM KIAN HWA
Ir. LIM KIM BAK
Ir. LIM KIM CHUAN DANIEL
Ir. LIM KIM TENG
Ir. Lim KOK ONN
Ir. LIM KWEE TIONG
Ir. LIM LEE THON
Ir. LIM LEONG BOK
Ir. LIM LIP KEONG
Ir. LIM LYE CHUAN
Ir. LIM MENG SEN
Ir. LIM RUEY FWU
Ir. LIM SANG HOONG
Ir. LIM SEONG HING
Ir. LIM SHAW CHONG
Ir. LIM SWEE FAH
Ir. LIM SWEE HONG
Ir. LIM SWEE YAM
Ir. LIM SZE WI
Ir. LIM TECK SIN @ LIM TECK SENG
Ir. LIM TENG HOO
Ir. LIM THOU KIONG
Ir. LIM THOU LAI
Ir. LIM THUAN SWEE
Ir. LIM TIAN LU
Ir. LIM VIN TZE
Ir. LIM WAI LING
Ir. LIM WAI TAT
Ir. LIM WEI SIANG
Ir. LIM YEAN TIT
Ir. LIM YEN SIANG
Ir. LIM YEW JIN
Ir. LING KUOK NGIEK DOMINIC
Ir. LING NGIE SOON
Ir. LING SOON YICK
Ir. LING TUONG THAI
Ir. LIT MOON CHEW
Ir. LO HO MIN
Ir. LOH CHONG HUI
Ir. LOH CHONG SIA
Ir. LOH SIN SENG
Ir. LOH TECK ANN
Ir. LOH TED SUN
Ir. LOH THIM THAK
Ir. LOI TIK WEI PHILIP
Ir. LOKE KOK YEONG
Ir. LOKMAN BIN AB KADIR
Ir. LOKMAN BIN MOHD NOH
Ir. LOO CHENG TIONG
Ir. LOO MOON WHAI
Ir. LOO SIOK HOOI
Ir. LOO WEN SIANG
Ir. LOO YEOW CHUEN
Ir. LOON CHIN MENG
Ir. LOONG YEE KOH
Ir. LOSIOS KIMIN
Ir. LOURDES RAJ A/L DHOMNIC
Ir. LOW CHEW EOW
Ir. LOW GUAN TUI
Ir. LOW HAN GUAN
Ir. LOW KIA KIT
Ir. LOW LIAN AIK
Ir. LOW SENG SOON
Ir. LOY TAI WAH
Ir. LUDHSIAH BINTI MUHAMAD SAIRI
Ir. LUK CHAU BENG
Ir. LUKMAN BIN MD AKIM
Ir. LUKMAN BIN SALLEH
Ir. LUM WAI LEONG
Ir. LUM WEE SEANG
Ir. LUM YOUK LEE
Ir. LYE KAH HSIUNG
Ir. M KERBANANDHAN PILLAY
Ir. MA MENG FOOK
Ir. MADHU SOOTHANAN A/L VELAYUTHAM
Ir. MAHADHIR BIN MANAN
Ir. MAHADHIR BIN MUSTAFFA
Ir. MAHAT A/L MAT DONG
Ir. MAHENTHIRAN A/L M KANDASAMY
Ir. MAHMOOD AZMY BIN MUHAMMAD SHUKRI
Ir. MAIKAL DAS A/L PICHAY
Ir. MALEK BIN HISHAM
Ir. MALEK FAIZAL BIN IDRUS
Ir. MAMAT ROHIZAN BIN ABDULLAH
Ir. MANOEL FRANCISCO AVELINO GOMES
Ir. MARDIANTO BIN ASLI
Ir. MARTHIAH BINTI HASHIM
Ir. MASHITAH BT HAJI MD JAIS
Ir. MASKAN BIN MD HASSAN
Ir. MASLINDA BINTI MOHAMED
Ir. MAT ZAINI BIN SURIP
Ir. MATHEN KUMAR A/L RAMACHENDRAM
Ir. MAZLAN BIN DINDI
Ir. MAZLAN BIN YUSOFF
Ir. MAZNORZUHAIRI BIN MOHAMAD
Ir. MAZUNI BIN ABD RAHMAN
Ir. MD FIKRI BIN ABDULLAH
Ir. MD HISMA BIN HASHIM
Ir. MD ISA DAUD
Ir. MD NASIR BIN MD ISA
Ir. MD NAZIR BIN MD KASSIM
Ir. MD NUJID BIN ISMAIL
Ir. MD YUSOF BIN ISMAIL
Ir. MD ZAHAR BIN MOHAMAD
Ir. MD ZAID BIN YUNOS
Ir. MD ZAINI BIN SAIRAN
Ir. MECKOON ASSAN
Ir. MICHAEL KWAN CHING DAO
Ir. MICHAEL TSEN LIP-KHAH
Ir. MIOR SHAHAR BIN MIOR NAZRI
Ir. MO SIEW MEI
Ir. MOBARAK BIN HUSSEIN
Ir. MOHAMAD ASRI BIN PAZIL
Ir. MOHAMAD ASRUL BIN MUSTAPHA
Ir. MOHAMAD BIN OTHMAN
Ir. MOHAMAD DZULASRI BIN HIPENY
Ir. MOHAMAD FAHMI BIN MAMAT @ MOHAMAD
Ir. MOHAMAD FARID BIN HAJI MUSTAFA
Ir. MOHAMAD GHAZALAN BIN OSMAN
Ir. MOHAMAD HATTA BIN ABU BAKAR
Ir. MOHAMAD KHALIS BIN MD YASIN
Ir. MOHAMAD MOHAIDIN BIN AB LATIB
Ir. MOHAMAD MOHARDINATA BIN MOHAMAD ALI
Ir. MOHAMAD NAZOR BIN TAHIR
Ir. MOHAMAD NOH BIN SERUL
Ir. MOHAMAD NORANI BIN MANSOR
Ir. MOHAMAD RAZAK BIN ISMAIL
Ir. MOHAMAD RIDZUAN BIN IDRIS
Ir. MOHAMAD SAJIELI BIN PUTIT
Ir. MOHAMAD SURIF ABDUL WAHAB
Ir. MOHAMAD ZAHIMI BIN OSMAN
Ir. MOHAMAD ZAINAL ABIDIN B IBRAHIM
Ir. MOHAMAD ZAINI BIN BAKAR
Ir. MOHAMED AZMI BIN SALIM
Ir. MOHAMED AZMIRA BIN MOHAMED
Ir. MOHAMED MOHIDEEN BIN A JAMAL MOHAMED
Ir. MOHAMED SHUHAIDI BIN OMAR
Ir. MOHAMED YUNUS BIN SEENI MOHAMED
Ir. MOHAMMAD ANUAR BIN YUSOF
Ir. MOHAMMAD BASAR BIN UMAR
Ir. MOHAMMAD FADZIL BIN ABDUL MANAP
Ir. MOHAMMAD FAIZAL BIN KHALID
Ir. MOHAMMAD FAIZUL ZAINUDIN @ NORDIN
Ir. MOHAMMAD KHATIB BIN MAHALIL
Ir. MOHAMMAD NIDZAM BIN MOHAMED BURHANUDIN
Ir. MOHAMMAD SHAHINI BIN PUTEH
Ir. MOHAMMAD ZAFWAD BIN MOHAMMAD HANZAM
Ir. MOHAMMED DZULKIFLI B MOHAMMED
Ir. MOHAMMED FIRDHAUS BIN HAJI NAWAWI
Ir. MOHD A'ZMI BIN YUNUS
Ir. MOHD ABDUL KARIM BIN ABDULLAH
Ir. MOHD ADZRIE BIN RADZALI
Ir. MOHD AFZAL BIN MOHD DITALI
Ir. MOHD ARAFAT B ABDUL RASHID
Ir. MOHD ARIFIN BIN SAMINGUN
Ir. MOHD ASRI BIN MOHD NOR
Ir. MOHD ASWADI BIN TON ALIAS
Ir. MOHD AZHAR BIN ABDUL RAHMAN
Ir. MOHD AZHARI BIN CHE OMAR
Ir. MOHD AZIZAN BIN ABDUL RAZAK @ RAJAB
Ir. MOHD AZLAN BIN ABAS
Ir. MOHD AZMI BIN ASIF
Ir. MOHD AZMI BIN HASHIM
Ir. MOHD AZRUL NIZAM BIN MOHD ZAHIR
Ir. MOHD AZWIRA BIN MOHD AZMI
Ir. MOHD DAIMAN BIN HAJI YUNUS
Ir. MOHD FADHIR BIN AKHKAR ALI
Ir. MOHD FADZLILLAH BIN MOHAMOOD
Ir. MOHD FAIRUZ BIN HARON
Ir. MOHD FAIZ AMIR MOHD SHITH
Ir. MOHD FAIZ BIN SALIM
Ir. MOHD FARID BIN JAMLUS
Ir. MOHD FAUZI BIN SHAFIE
Ir. MOHD FAZIDIN BIN FAISAL
Ir. MOHD HAFIZ BIN ABDULLAH
Ir. MOHD HAFIZ BIN MOHD ALI
Ir. MOHD HAFIZI BIN AHMAD
Ir. MOHD HANAFIAH B BESAR SA'AID
Ir. MOHD HATTA BIN ZAKARIA
Ir. MOHD HAZERY BIN MD SHAMSI
Ir. MOHD HAZLI BIN HASHIM
Ir. MOHD HAZZAH BIN AHMAD SIRON
Ir. MOHD HELMI BIN ABDUL AZIZ
Ir. MOHD HISAM BIN SA'AT
Ir. MOHD HISHAM BIN IBRAHIM
Ir. MOHD IMRAN BIN ABDUL HAMID
Ir. MOHD JARISMAN BIN ABDUL JALIL
Ir. MOHD KAMAL AZMEY B AWANG HITAM
Ir. MOHD KAMAL BIN MISDAR
Ir. MOHD KAMAL HAZIQ BIN KAMARUZAMAN
Ir. MOHD KASHFI BIN MOHD YUSOF
Ir. MOHD KHAIRUL ANUAR BIN SHARIF
Ir. MOHD KHOUSHAINI BIN MOHD NAIM
Ir. MOHD MUSTAFA BIN ZAHARIMAN
Ir. MOHD MUZAKKIR BIN ABDULLAH
Ir. MOHD NAIMIE BIN MAZID
Ir. MOHD NAJIB HAMSAN
Ir. MOHD NAWI BIN SALLEH
Ir. MOHD NAZARI BIN HJ JAFFAR
Ir. MOHD NAZIR BIN MANSOR
Ir. MOHD NAZMI BIN MOHD NAGEEB
Ir. MOHD NAZRI BIN MAT HAN
Ir. MOHD NAZRI BIN MOHAMAD
Ir. MOHD NAZRI BIN MOHD JAMIL
Ir. MOHD NIZAM BIN AB WAHAB
Ir. MOHD NIZAM BIN ABDUL RAHIM @ SALLEH
Ir. MOHD NIZAR BIN WAN JAAFAR
Ir. MOHD NOOR BIN HASHIM
Ir. MOHD NOOR BIN SEHAT
Ir. MOHD NOOR BIN ZAINUDIN
Ir. MOHD NORAZMAN BIN MOHD SHARKAWI
Ir. MOHD NORMARZUKI YA'ACOB
Ir. MOHD QAHARUDDIN BIN ABDULLAH
Ir. MOHD RADZI BIN DAHALAN
Ir. MOHD RADZI BIN SALLEH
Ir. MOHD RADZI ISMAIL
Ir. MOHD RASHIDI BIN MAAROF
Ir. MOHD RAZIF BIN ABD HALIM
Ir. MOHD ROSE RIZAL BIN MOHAMAD RASIDI
Ir. MOHD ROSLAN BIN DAUT
Ir. MOHD ROZALI BIN AHMAD
Ir. MOHD ROZALI BIN ALIYAS
Ir. MOHD ROZI BIN MAT NOH
Ir. MOHD SAFAR BIN MAHFODZ
Ir. MOHD SALEH BIN YAHAYA
Ir. MOHD SALMAN B IBRAHIM
Ir. MOHD SAZLI ISMAIL
Ir. MOHD SHAFIQ SHARHAN BIN ZAINAL
Ir. MOHD SHAHRIZAN MD MOKHTAR
Ir. MOHD SHAIFUL NIZAM BIN ABDULLAH
Ir. MOHD SHARIFFUDDIN BIN IBRAHIM
Ir. MOHD SHARUL @ AHMAD KHAIRUL BIN SULIAN
Ir. MOHD SHIRAZ BIN ARIS
Ir. MOHD SUFIAN BIN OTHMAN
Ir. MOHD SYAHRIR BIN MOHD SHAH
Ir. MOHD SYAZWAN BIN MD ZAIN
Ir. MOHD TAJUDIN BIN REJAB
Ir. MOHD YUNUS BIN HARUN
Ir. MOHD YUSOF BIN JAAFAR
Ir. MOHD YUSRIZAL BIN MOHD YUSOF
Ir. MOHD YUZA MOHD YUSOF
Ir. MOHD ZAHARI BIN CHE ISMAIL
Ir. MOHD ZAHARUDDIN BIN RAHMAT
Ir. MOHD ZAID BIN ZAINAL ABIDIN
Ir. MOHD ZAIDI BIN ABDUL HAMID
Ir. MOHD ZAIDIE BIN ABDUL MAJID
Ir. MOHD ZAILANI BIN AB KADIR
Ir. MOHD ZAINUDDIN B AWANG AHMAD
Ir. MOHD ZAINUDIN BIN A BAKAR
Ir. MOHD ZAMIN BIN KAMARUZAMAN
Ir. MOHD ZAMRI BIN IDRIS
Ir. MOHD ZAMRY BIN MUSTAPA
Ir. MOHD ZAWAKIE BIN DOLLAH
Ir. MOHD ZAWAWI BIN DERIS
Ir. MOHD ZUBIR BIN MOHD GHAZALI
Ir. MOHD ZULKIFLY BIN ABDULLAH
Ir. MOHD ZULKIFLY BIN EMRAN
Ir. MOHTAR BIN MUSRI
Ir. MOKHTAR BIN MAJID
Ir. MUAMMAR GADAFI BIN OTHMAN
Ir. MUAMMAR QUADAFFI BIN MOHD ARIFFIN
Ir. MUDA BIN IBRAHIM
Ir. MUHAMAD KHOSIM BIN HJ IKHSAN
Ir. MUHAMAD MAKKI BIN HJ RAMLI
Ir. MUHAMAD NAZRAIN BIN MUHAMAD NASSRI
Ir. MUHAMAD NAZRI BIN TUMIN
Ir. MUHAMAD RIDZHUAN BIN OTHMAN
Ir. MUHAMAD RIZANI MOHD RIFFIN
Ir. MUHAMAD SUHAIMI BIN DERIS
Ir. MUHAMAD SUWAID BIN SAAD
Ir. MUHAMAD SUYAT HJ ABDUL KADIR
Ir. MUHAMMAD AMIN BIN ROMELI
Ir. MUHAMMAD BIN UDA
Ir. MUHAMMAD FADZLI BIN HJ MUHAMMAD SALEH
Ir. MUHAMMAD FAZIL BIN MANSOR
Ir. MUHAMMAD FIRDAUS BIN MUSA
Ir. MUHAMMAD ILLIA'AZAR BIN ILIAS
Ir. MUHAMMAD IZWAN BIN ISMAIL
Ir. MUHAMMAD KHAIDZIR AB GHANI
Ir. MUHAMMAD SHARIFF BIN IBRAHIM
Ir. MUHAMMAD ZAID BIN KAMARDIN
Ir. MUHD REDUAN JACKIE ABDULLAH
Ir. MUI HENG CHOR
Ir. MUK WAI KUEN
Ir. MURSYIDI BIN MOHAMMAD
Ir. MUSALKURNAIN BIN MD ZIN
Ir. MUSTAFAR BIN AB KADIR
Ir. MUSTAFFA BIN TEK
Ir. MUSTPHA KAMAL BIN ZAINAL
Ir. MUTHIAH A/L MARIA PILLAY
Ir. MUZAMMIL BIN MUSA
Ir. NAHROWI BIN SULAIMAN
Ir. NAJIB BIN HASHIM
Ir. NASRUDDIN BIN PAWANTEH
Ir. NAVINDERAN A/L SUBRAMANIAM
Ir. NAZRI AZAM BIN AMIRUDIN
Ir. NAZRULHISHAM BIN OSMAN
Ir. NENG KA TACK
Ir. NG BOON KIAT
Ir. NG BOON WAI
Ir. NG BUAN HOOK
Ir. NG CHEE CHUNG
Ir. NG CHEE SING
Ir. NG CHU HUI
Ir. NG CHUN KIT
Ir. NG FUI PING
Ir. NG GUAN LEE
Ir. NG HAN PEI
Ir. NG JOON KIAT
Ir. NG KENG LIP
Ir. NG KIEN AN
Ir. NG KOK ENG
Ir. NG MAN FEE
Ir. NG SAY PIN
Ir. NG SEE KIAT
Ir. NG TAK HENG
Ir. NG TEIK LEE
Ir. NG WEE MENG
Ir. NG WEI KIT
Ir. NG WOON YEN
Ir. NG YEE DIK
Ir. NG YEN CHEONG
Ir. NG YIN YOONG
Ir. NG YONG KONG
Ir. NGU HENG JONG
Ir. NGU SIONG HO
Ir. NIK AHMAD FARIS BIN NIK ABDULLAH
Ir. NIK AHMAD RYAD BIN NIK MOHAMED
Ir. NIK AREEZ BIN ARIFFIN
Ir. NIK MOHD HASMIZIE NIK MOHD KAMIL
Ir. NIK MOHD NASER BIN NIK AHMAD
Ir. NIK MOHD ZUKI BIN NIK MOHAMED
Ir. NIZAM BIN MUSTAFA JINAL ABIDIN
Ir. NIZAMIL FAIRUZ YAHYA
Ir. NIZAMUDEEN BIN MANSOOR
Ir. NOOR AZAM BIN MD SAAD
Ir. NOOR BAHARIN BIN JOHARI
Ir. NOOR HISHAM BIN YAHAYA
Ir. NOORAZMAN BIN SOUD
Ir. NOORHAZILAH BTE BAHARIN
Ir. NOR ARIPIN BIN BAKRI
Ir. NOR HAZIMAN BIN NOH
Ir. NOR HAZLIN BT MOHAMMAD
Ir. NOR MARIAH BTE ADAM
Ir. NORASMARINA BT MASROM
Ir. NORHAFIZ BIN JAAFAR
Ir. NORHAZLI BIN ASAAD
Ir. NORHAZREE BIN AZMAN
Ir. NORKAMAL LATIF BIN ZAINUDDIN
Ir. NORLAILA BINTI RAMLAN
Ir. NORZEMI BIN MOHD SALLEH
Ir. NUHAIRI BIN HASSAN
Ir. NURULASHIKIN BINTI ZULKEPLI
Ir. OMAR ANUAR BIN ROSLAY
Ir. ONG CHIEW PING
Ir. ONG CHING LOON
Ir. ONG CHOON HAU
Ir. ONG HOO TEONG
Ir. ONG LAM SENG
Ir. ONG LEONG ENG
Ir. ONG SEE BOON
Ir. ONG SHANG YAW
Ir. ONG THIAM LIONG
Ir. ONG TIANG SIEW
Ir. ONG YEE PINN
Ir. ONG YIH MIIN
Ir. OOI BOON BOW
Ir. OOI BOON HOO
Ir. OOI CHEE SIONG
Ir. OOI CHIN KEONG
Ir. OOI KUIN YAM
Ir. OOI TZE HOONG
Ir. OOI YONG PING
Ir. PAN KHEE KEONG
Ir. PAN TZE SHUN
Ir. PANG CHING
Ir. PANG KIA KIM
Ir. PANG SAN MOH
Ir. PAU KIEW HUAI
Ir. PEK CHEE HEN
Ir. PHAN @ PANG FUI NYEN
Ir. PHAN YIT HOAH
Ir. PHANG CHEN FAUT
Ir. PHANG CHEN FONG
Ir. PHEH GUAN CHOON
Ir. PHILIP OOI POH LEONG
Ir. PHOON KIN HUANG
Ir. PHUA SEH YONG
Ir. POH BOON CHAW
Ir. POH CHOU CHUEN
Ir. POH HEON KHOON
Ir. POK CHE HUI
Ir. PRAKASH A/L THIRUNAVAKARASU
Ir. PRASHANTH A/L KAMALANATHAN
Ir. PREM RAKESH A/L SUBRAMANIAM
Ir. PUA CHING TIAN
Ir. PUKALENTHI A/L SUBRAMANIAM
Ir. PUNITHA RAJAN A/L K DORAISAMY
Ir. PUVANESAN A/L MARIAPPAN
Ir. QUA HOCK CHYE
Ir. QUAH KHAY CHEE
Ir. QUEK SIOW PAT
Ir. RADINAS BIN RAINIS
Ir. RAFEZI BIN HAZIZI
Ir. RAFIDAH BT AHMAD
Ir. RAHMAT BIN MOHD YACOB
Ir. RAJ SEKAR A/L SETHU
Ir. RAJENDRAN A/L K RAMACHANDRAN
Ir. RAJKUMAR A/L PALANIAPPAN
Ir. RAMAYA A/L RAMAN
Ir. RAMENDRAN A/L ULAGANATHAN
Ir. RAMLAN BIN SIAHAT
Ir. RAMLI BIN HAJI HITAM
Ir. RAMVIR RAM A/L NEKERAM
Ir. RASHDAN BIN HASSAN
Ir. RASIDI BIN NORMAN
Ir. RASIMI BIN AHMAD
Ir. RASYIDI BIN MOHD TAHIR
Ir. RAZALI BIN SAMIN
Ir. RICKY ANAK BANYANG
Ir. RIWAYAT BIN MANSOR
Ir. RIZA ABDILLAH BIN KAMARUZZAMAN
Ir. RIZAIDI BIN ROHIM
Ir. ROBERT CHUA GEOK BENG
Ir. ROBIN LEONG
Ir. RODZI BIN ABU SEMAN
Ir. ROHAIZAT BIN OMAR
Ir. RONNIE NEO HAI FUN
Ir. ROSAZLAN BIN ABU SEMAN
Ir. ROSDAN BIN ISMAIL
Ir. ROSHAN THAMARAKSHAN
Ir. ROSHISHAM BIN ISMAIL
Ir. ROSLAN BIN HUSSIN
Ir. ROSLAN BIN ZAKARIA
Ir. ROSLEE BIN ESMAN
Ir. ROSLENDA BT HASAN
Ir. ROSLI ABU BAKAR
Ir. ROSLI BIN HJ YUSOF
Ir. ROSLI BIN HUSSIN (B)
Ir. ROSLI BIN IDRIS
Ir. ROSLI BIN MOHAMAD APPANDI
Ir. ROSLI BIN MOHAMED
Ir. ROSLIAN EFENDY BIN SYAFRIAL
Ir. ROSMAHADI BIN ALI
Ir. ROTHWAZAR B MOHAMED HASBULLAH
Ir. ROWDY IGNATIUS
Ir. ROZIAN BIN SO-OM
Ir. ROZILA @ RIDHA ALLAH BIN ANAS
Ir. RUEBEN MICHAEL A/L ANTHONY SAMY
Ir. RUNNY POH
Ir. RUSLAN AFFENDI BIN HJ IDRUS
Ir. S KANAGALINGAM DARREN
Ir. S MUGENESWARAN A/L SHANMUGAM
Ir. S.M.SALIM BIN ABU YUSOF
Ir. SAIFUL HAZMI BIN ABU HASAN
Ir. SAIFUL MUZAMIR BIN ISMAIL
Ir. SAIFUL RAHMAN BIN TARSOM
Ir. SAIFULA AZIZI BIN MOHAMAD SAAD
Ir. SAIFULBAHARI BIN ABDUL HAMID
Ir. SAKTHIASWARAN A/L KALIAPPAN
Ir. SALADIN JASZLE BIN JASMIN
Ir. SALAWATI BINTI SEDARALIT
Ir. SALIM BIN TUPAAT
Ir. SAM WEI YEOW
Ir. SAMAT BIN RAHMAT
Ir. SAMSUDIN BIN SUNAR
Ir. SANG FAT CHON
Ir. SANTHA KUMARAN A/L ERUSAN
Ir. SARAVANAN A/L MAHALINGAM
Ir. SARAVANAN A/L MANICKAM
Ir. SATHEESAN A/L T A MENON
Ir. SATHU PILLAY GOVINDASAMY
Ir. SAW ENG GUAN
Ir. SAW KEAN THAI
Ir. SEE SIAW HUA
Ir. SELVAKUMAR A/L KRISHNAN
Ir. SEOW KOK SENG
Ir. SER HENG LAI
Ir. SEZURI BIN MAIL
Ir. SH MOHD FIRDAUS BIN SH ABDUL NASIR
Ir. SHAFIEE BIN ABD RAHMAN
Ir. SHAHARUDIN BIN HAMIDUN
Ir. SHAHRIL IZWAN BIN ABAS
Ir. SHAHRUL AZHAR BIN MUSTAFFA
Ir. SHAHRUL NIZAM BIN AHMAD SHARUDIN
Ir. SHAHUL HAMID BIN MOHD ISMAIL
Ir. SHAHZULREZA BIN SAIFUL
Ir. SHAIKH ABDULLAH B CHE HUSSAIN
Ir. SHAMIL BIN ABU HASSAN
Ir. SHAMSUL IRWAN BIN ISMAIL
Ir. SHAMSUNAZARUDDIN SHAH BIN MOHD SALLEH
Ir. SHAMURI BIN AMAT WARIDI
Ir. SHEIKH FAHMI BIN SHEIKH MOHD
Ir. SHOFI BIN AHMAD
Ir. SHUHAIMI BIN ISMAIL
Ir. SHUIB BIN SAHUDIN
Ir. SHUKRI BIN OMAR
Ir. SIA HUA JIUH
Ir. SIA YOCK HENG
Ir. SIAW POON KEONG
Ir. SIMON LEE KHO ENG
Ir. SIRAJUDDIN BIN IBRAHIM
Ir. SITI AFIZAH BT AFFANDI
Ir. SITI MARYAM BINTI MOHD KAMAL
Ir. SIVA KUMAR KANDIAH
Ir. SIVA KUMARAN A/L CHIDAMBRAM
Ir. SIVAKUMAR A/L POGEENDIRAN
Ir. SIVALINGAM A/L VELUPPILLAI
Ir. SIVANANTHAN A/L JOTHEE SUBRAMANIAM
Ir. SOFIA BINTI JOHARI
Ir. SOH BOON SIM @ BOON KEE
Ir. SOH ENG LU
Ir. SOH KWONG CHEAN
Ir. SOH PEEK TAT
Ir. SOON CAN VOON
Ir. SOONG PENG SOON
Ir. SOPHIAN BIN RAIS
Ir. SUBRAMANIAM KUPPUSAMY
Ir. SUFIAN BIN HUSIN
Ir. SUHAIDI BIN MOKHTAR
Ir. SUHAILI BIN MANSOR
Ir. SUHAIMI ISMAIL
Ir. SUHELMEE BIN SAID
Ir. SUKHAIRUL NIZAM ABDUL RAZAK
Ir. SULAIMAN BIN KAMARI
Ir. SULAIMAN BIN MOHD MUSLIM
Ir. SUNDERAESWARAN NAYAR
Ir. SUNDRALINGAM A/L MUTHANANDAN
Ir. SUNG CHEN LEE JAMES
Ir. SURAZMY BIN SULONG @ MANSOR
Ir. SYAHRIZAL BIN ABDUL TALIB
Ir. SYAMSULFLAN SUFFIAN BIN ONN
Ir. SYARUZMI BIN KHALID @ KHALIB
Ir. SYED ABDULLAH BIN SYED AHMAD
Ir. SYED ARIFFIN B SYED HUSSAIN ALHABSHEE
Ir. SYED FADZIL BIN SYED MOHAMED
Ir. SYED FEISAL ALHADY
Ir. SYED JAAFAR IDID SYED ABDYLLAH IDID
Ir. SYED NEGUIB B SYED MOHAMED
Ir. SYED NURSHADIR B SYED IBRAHIM
Ir. SYED SALIM BIN SYED ABU BAKAR
Ir. SYED ZULKARNAIN SHAH BIN SYED AHMAD KAMAL
Ir. T JAYAKUMAR A/L THURAIRAJAH
Ir. TAI CHAU PENG
Ir. TAJUL SALMAN BIN HASSAN
Ir. TAJUL ZAHARI BIN ABU BAKAR
Ir. TAM PAK LAN
Ir. TAM SHUI YEN @ TAN SHUI YEN
Ir. TAN BAK PING
Ir. TAN BEE WAH
Ir. TAN BENG HUAT (B)
Ir. Tan boon khong
Ir. TAN BOON TIONG
Ir. TAN BOON TONG
Ir. TAN CHEE HIN ERIC
Ir. TAN CHEE HSIANG
Ir. TAN CHEE KIAN (B)
Ir. TAN CHEE KIEN
Ir. TAN CHEE SENG
Ir. TAN CHEE SIONG
Ir. TAN CHEW
Ir. TAN CHEW PENG
Ir. TAN CHIAT JOON
Ir. TAN CHIN HOCK
Ir. TAN CHIN HWA
Ir. TAN CHIOO BIN
Ir. TAN CHOO SIANG
Ir. TAN CHUAN HO
Ir. TAN CHUN LIANG
Ir. TAN CHUN TAT
Ir. TAN CHUN WEI
Ir. TAN ENG TONG
Ir. TAN HENG CHOONG
Ir. TAN HUA CHUN
Ir. TAN HUAI TEK
Ir. TAN HUCK TEE
Ir. TAN JIN KIAT ADRIAN
Ir. TAN JIN KIONG
Ir. TAN JOE HOE
Ir. TAN KHIM BOK
Ir. TAN KIAN KEONG
Ir. TAN KIEN SENG
Ir. TAN KIM SENG
Ir. TAN KIM THIN
Ir. TAN KOK HEE
Ir. TAN LI ZHI
Ir. TAN LIP LEONG
Ir. TAN MENG JIN
Ir. TAN PEY HWAN
Ir. TAN PIN YUAN
Ir. TAN SAY YIAM
Ir. TAN SI LIM
Ir. TAN SOON LIANG
Ir. TAN SU LENG
Ir. TAN SUH YONG
Ir. TAN TEONG JIN
Ir. TAN THEAN HOCK
Ir. TAN WAI HONG
Ir. TAN WEE KEONG
Ir. TANG CHEE YONG
Ir. TANG CHIN CHUAI
Ir. TANG CHIN TAN
Ir. TANG JENQ HANN @TAN JENQ HANN
Ir. TANG KHENG SIONG
Ir. TANG KWANG
Ir. TANG SOO HA
Ir. TANG TAI TENG
Ir. TANG THEAM HOOI
Ir. TANG TING FOONG
Ir. TANG TUNG PIN
Ir. TAY GEE YONG
Ir. TAY KAR TEIK
Ir. TAY KEONG KIAU
Ir. TAY KIAN KOK
Ir. TAY KIM CHEE
Ir. TAY KU WAH
Ir. TAY LEE SIEN
Ir. TAY TECK BENG
Ir. TEE KEE POW
Ir. TEE WEE SONG
Ir. TEH BENG SENG
Ir. TEH BOON CHIEW
Ir. TEH LAI SAN
Ir. TEH PIAW NGI
Ir. TEH SEE TEE
Ir. TEH SENG HOO
Ir. TEH TEOH HAI
Ir. TENGKU AHMAD NAZEEM BIN TENGKU ABDUL RAHIM
Ir. TENGKU HAZIAN TENGKU AB HAMID
Ir. TENGKU MOHD FARIS BIN TENGKU OTHMAN
Ir. TEO KOK THYE
Ir. TEO KUANG KIM
Ir. TEO SAY AUN
Ir. TEO YEN BIN
Ir. TEOH CHIN HAN
Ir. TEOH KAH HUAT
Ir. TEOH KHAI SENG
Ir. TEOH SEOW MENG
Ir. TEOH TEONG LIANG
Ir. TEOW LOO YIH
Ir. TER LEONG LENG
Ir. TEY MING REN
Ir. TEYO ENG CHONG
Ir. THAM CHI MENG
Ir. THAM KIN YON
Ir. THAM WENG CHOUN
Ir. THAN SHEAU WEI
Ir. THANARAJ A/L THAVAMANI
Ir. THARMASEELAN A/L THANABALASINGAM
Ir. THAVARAJAN MUTHIAH PILLAI
Ir. THIN CHOON CHAI
Ir. THIN VOON TUCK
Ir. THIRUMALAICHELVAM SUBRAMANIAM
Ir. THIRUMURUGAN A/L MANIKAM
Ir. THOMAS GEORGE
Ir. TIA SHEN CHING
Ir. TIAH OON LING
Ir. TIAN FOON HOWE
Ir. TIAN FUNG WANG
Ir. TING CHIONG TUONG
Ir. TING HUAT WEI
Ir. TIONG BOON KEONG
Ir. TIONG KING SIONG ANTHONY
Ir. TIONG TIUNG POH
Ir. TNAY CHOON HWA
Ir. TOH SENG KOR
Ir. TONG NAM KHONG
Ir. TONG SENG WON
Ir. TONG TSHEN JUI
Ir. Toong Yu Ewe
Ir. TUNG KIN CHOONG
Ir. TYAH JUN HAO
Ir. UDHAYAKUMAR S/O POOVALINGAM
Ir. UNAZIE ISKANDAR BIN ABD RAZAK
Ir. UNG SING KWONG
Ir. UTHAN ANAK CHUAT
Ir. VALENTINE ANAK GLAYAN
Ir. VASAN A/L MARIAPPAN
Ir. VASANTHATHIBAN PERIASAMY
Ir. VEERANDRAN A/L RAJAPPAN
Ir. VEKNESWARAN A/L T ARASAPPAN
Ir. VENOTH KUMAR A/L GOVINDASAMY
Ir. VICTOR CHIN JUN HOCK
Ir. VICTORIA PETER
Ir. VIJAYAN A/L GOPALAKRISHNAN
Ir. VISHNUVARMAN A/L ARUGANAN
Ir. VISWAM RAJARATNAM
Ir. VUN YIT KONG
Ir. WAKI' BIN MOHAMAD
Ir. WAN ADIL BIN WAN ADLI
Ir. WAN HAZRI BIN WAN MUSTAFA
Ir. WAN KHAIRUL ANNUAR BIN WAN SALLEH
Ir. WAN MALIKI BIN WAN MUHAMMAD
Ir. WAN MOHAMAD NASBI BIN WAN MOHAMAD
Ir. WAN MOHAMMAD ALAM WAN HANAFI
Ir. WAN MOHD FAUZI B WAN SULAIMAN
Ir. WAN MOHD HATIM HJ WAN ABDULLAH
Ir. WAN MOHD KAMIL BIN WAN IBRAHIM
Ir. WAN MOHD ZAID BIN SALLEH
Ir. WAN MUHAMMAD NIZAM WAN AFFANDI
Ir. WAN MUZAFFAR BIN WAN MUHAMMAD
Ir. WAN NORAZRI BIN AB AZIZ
Ir. WAN RIZALUDDIN ABDULLAH B WAN ALI
Ir. WAN RUMAIZEE B WAN AB SAAMBAR @ ZA'ABAR
Ir. WAN SABRI BIN WAN AHMAD
Ir. WAN SAPIANSORI BIN WAN ABD GHANI
Ir. WAN SHAH WALIALLAH BIN WAN MAT ZAIN @ WAN SENIK
Ir. WAN ZAIDILFITRI B WAN MAT ZAIN
Ir. WANG LEONG HONG @ WONG LEONG HONG
Ir. WEE CHONG ENG
Ir. WEE MUN TONG
Ir. WILLIAM WERA LUKAM
Ir. WONG CHEE KIONG
Ir. WONG CHEE KONG
Ir. WONG CHOK VAI
Ir. WONG CHOON YOONG
Ir. WONG HUAN YONG
Ir. WONG KHEE VEAI
Ir. WONG KIAT CHOONG
Ir. WONG KIEN FATT
Ir. WONG KIN MENG
Ir. WONG KIN WING
Ir. WONG KOH SANG
Ir. WONG KUEN CAN
Ir. WONG LING TUNG
Ir. WONG MUN CHONG
Ir. WONG NAM YUN
Ir. WONG NGIAP KIN (A)
Ir. WONG SAU HOONG
Ir. WONG SEE FOONG
Ir. WONG SHIAN CHING
Ir. WONG SIAO HAW
Ir. WONG SIEW SHENG
Ir. WONG SIN FUTT
Ir. WONG SWEE ON
Ir. WONG TIEN SOONG
Ir. WONG TUCK YOON
Ir. WONG TUNG MING
Ir. WONG VUN CHING
Ir. WONG WAI MUN
Ir. WONG WEN ANG
Ir. WONG WIN HENG
Ir. WONG YEE FOONG
Ir. WONG YIING
Ir. WOO AH KEONG
Ir. WOO KWONG HING
Ir. WOO KWONG LEONG
Ir. WU SWEE SCHWANG JIMMY
Ir. WU SWEE WENG
Ir. WU TA HONG
Ir. YAACOB BIN SALIM
Ir. YACOB BIN ALI
Ir. YAHAYA BIN RAMLI
Ir. YAHYA BIN MOHAMED YATIM
Ir. YAHYATU NIZAM BIN YAHAYA
Ir. YAP BIEW SING
Ir. YAP CHEE FONG
Ir. YAP CHEE HONG
Ir. YAP CHEE KWANG
Ir. YAP CHENG AUN
Ir. YAP CHO FAH
Ir. YAP CHONG HONG
Ir. YAP CHOONG SEONG
Ir. YAP FOO KWONG
Ir. YAP HONG EN
Ir. YAP SIEW CHOONG
Ir. YAP WEE KEONG
Ir. YAP WENG SUON
Ir. YAP WOOI KIEN
Ir. YAP YOON LOY
Ir. YATIM SELAMAT BIN LATIB
Ir. YAU CHUAN SIM
Ir. YAW TIAM LAI
Ir. YEAP CHOO HONG
Ir. YEE CHOON KIAT
Ir. YEE CHUN KIET
Ir. YEE HOOI SENG
Ir. YEE KEAT CHOY
Ir. YENG CHUAN BUU @ AH BU
Ir. YENG FOOK CHEK
Ir. YEOH CHIEN WERN
Ir. YEOH GHIM HWA
Ir. YEOH JIT SHIONG
Ir. YEOH YEN SHIONG
Ir. YEW HOO SANG
Ir. YEW KIAN TEONG
Ir. YEW YEOW SOON
Ir. YII HUONG SWEE
Ir. YIM HON WA
Ir. YIP FOOK KEONG
Ir. YOH SOW CHEONG
Ir. YOKE LEE TAN
Ir. YONG CHEN WEI
Ir. YONG KOK HOE
Ir. YONG OON FATT
Ir. YONG YEW WEI
Ir. YOONG KEE SIN
Ir. YU SUEN KEAT
Ir. YUEN CHENG PIOU
Ir. YUSMAN BIN DAUD
Ir. YUSNIZA BT YEM
Ir. YUSOF BIN MOHD SANI
Ir. YUSPIKARL BIN ADNAN
Ir. YUSRI BIN AHMAT
Ir. ZAHAL BIN MOHAMED
Ir. ZAHARI BIN SAMAT
Ir. ZAIDAH BINTI IDRIS
Ir. ZAIDI BIN ABDULLAH
Ir. ZAIDI BIN ABU BAKAR
Ir. ZAIDI BIN AYUB
Ir. ZAIDI BIN SHAHOR
Ir. ZAILANI BIN NAGIN
Ir. ZAIMI BIN ZAHARI
Ir. ZAINAL ABIDIN B KAMARUL BAHARIN
Ir. ZAINOL ABIDIN BIN AWANG SA
Ir. ZAINOL ARIFEN BIN SAID
Ir. ZAINUDDIN BIN MOHAMAD
Ir. ZAINUDDIN BIN OSMAN
Ir. ZAINUDDIN BIN ZAKARIA @ ZAHARI
Ir. ZAIRY JUAZRY BIN ZAKI @ MOHD ZAKI
Ir. ZAISMADI BIN ISMAIL
Ir. ZAKARIA BIN ABDULLAH
Ir. ZAKARIA BIN AWANG
Ir. ZAKARIA BIN JASIN
Ir. ZAKI BIN ANHAR
Ir. ZALIZAN B MOHAMED NOR @ KAMARUZAMAN
Ir. ZAMANI BIN MOHD SALLEH
Ir. ZAMRI BIN KANIP
Ir. ZAMZURI BIN AZIZ
Ir. ZAMZURIN BIN MAAROF
Ir. ZARIR RAMIZ BIN MUSTAFA
Ir. ZEMA ZAMANEE BIN MAT SAAD
Ir. ZULFAHMI BIN AZIZ
Ir. ZULHADI BIN ROSDI
Ir. ZULKAFLI BIN MAT RANI
Ir. ZULKARNAIN BIN MAT ARIFFIN
Ir. ZULKEFLI BIN MAT SAIN
Ir. ZULKEFLY BIN MOHD YUSOF
Ir. ZULKIFLI BIN ABDUL RASHAD
Ir. ZULKIFLI BIN ABDUL SHUKOR
Ir. ZULKIFLI BIN AHMAD
Ir. ZULKIFLI BIN AHMAD AHTAR
Ir. ZULKIFLY BIN HASSAN
Ir. ZURAIDI HANAFI BIN HANAFI
Ir. ZURAINI BIN MOHD JALI
KAPTEN Ir. SELVARAJAH ARASU RMN (RTD)
KOL (B) Ir. MOHD PAUZI BIN DERIS
KOL. Ir. SUTHAN A/L VENKATACHALAM
KOMANDER Ir. SHAHRIMAN BIN SHAWALUDDIN
LT CDR (B) LEE CHONG CHIANG
LT KOL Ir. ABDUL RAZAK BIN AHMAD
LT KOL Ir. MOHD HAZANI BIN HAJI SHAFIE
LT KOL Ir. MOHD SHAHRUL NIZAM MOHD HEDZIR
MEJ (B) Ir. MOHD GHAZALI BIN ABDULLAH
MEJAR (B) Ir. ABDULLAH BIN MOHAMMAD
MEJAR Ir. MUHAMAD BIN ABU KASSIM
PROF. Ir. Dr. ABU BAKAR BIN SULONG
PROF. Ir. Dr. AHMAD KAMAL ARIFFIN MOHD IHSAN
PROF. Ir. Dr. AZHAR BIN ABDUL AZIZ
PROF. Ir. Dr. BARKAWI BIN SAHARI
PROF. Ir. Dr. KAMSANI ABDUL MAJID
PROF. Ir. Dr. KANESAN A/L MUTHUSAMY
PROF. Ir. Dr. MD YUSOF BIN ISMAIL (C)
PROF. Ir. Dr. MOHD SAPUAN BIN SALIT @ SINON
PROF. Ir. Dr. NOOR AZUAN BIN ABU OSMAN
PROF. Ir. Dr. RAMESH SINGH A/L KULDIP SINGH
PROF. Ir. Dr. S KANNAN V KRISHNA
PROF. Ir. Dr. SAIFUL AMRI BIN MAZLAN
PROF. Ir. Dr. SHAHRIR BIN ABDULLAH
PROF. Ir. Dr. SHAHRUM BIN ABDULLAH
PROF. Ir. Dr. SIVARAO A/L SUBRAMONIAN
PROF. Ir. Dr. WAN ABU BAKAR BIN WAN ABAS
PROF. Ir. Dr. WAN ALI BIN WAN MAT
PROF. Ir. Dr. YAU YAT HUANG
PROF. Ir. MOHAMAD AFIFI BIN ABD MUKTI
PROF. Ir. TSO CHIH PING
PROF. MADYA Ir. ABDUL RAHMAN BIN OMAR
PROF. MADYA Ir. Dr. ABDUL TALIB BIN DIN
PROF. MADYA Ir. Dr. AHMAD RASDAN BIN ISMAIL
PROF. MADYA Ir. Dr. MOHAMED THARIQ BIN HAMEED SULTAN
PROF. MADYA Ir. HAYATI BINTI ABDULLAH
PROF. MADYA Ir. ZAINAL ABIDIN BIN WAN CHIK
TAN SRI Ir. Dr. NGAU BOON KEAT
